Workbook

Sheet Ichiro
A1: 年份 | B1: 年齡 | C1: 球隊 | D1: 聯盟 | E1: 出賽場次 | F1: 打席數 | G1: 打數 | H1: 得分 | I1: 安打數 | J1: 二壘安打 | K1: 三壘安打 | L1: 全壘打 | M1: 打點 | N1: 盜壘成功 | O1: 盜壘失敗 | P1: 四壞球保送 | Q1: 三振次數 | R1: 打擊率 | S1: 上壘率 | T1: 長打率 | U1: 上壘加長打率 | V1: 調整後OPS指標 | W1: 壘打數 | X1: 滾地雙殺 | Y1: 觸身球 | Z1: 犧牲觸擊 | AA1: 高飛犧牲打 | AB1: 故意四壞球
A2: 2001 | B2: 27 | C2: SEA | D2: 美聯 | E2: 157 | F2: 738 | G2: 692 | H2: 127 | I2: 242 | J2: 34 | K2: 8 | L2: 8 | M2: 69 | N2: 56 | O2: 14 | P2: 30 | Q2: 53 | R2: 0.35 | S2: 0.381 | T2: 0.457 | U2: 0.838 | V2: 126 | W2: 316 | X2: 3 | Y2: 8 | Z2: 4 | AA2: 4 | AB2: 10
A3: 2002 | B3: 28 | C3: SEA | D3: 美聯 | E3: 157 | F3: 728 | G3: 647 | H3: 111 | I3: 208 | J3: 27 | K3: 8 | L3: 8 | M3: 51 | N3: 31 | O3: 15 | P3: 68 | Q3: 62 | R3: 0.321 | S3: 0.388 | T3: 0.425 | U3: 0.813 | V3: 120 | W3: 275 | X3: 8 | Y3: 5 | Z3: 3 | AA3: 5 | AB3: 27
A4: 2003 | B4: 29 | C4: SEA | D4: 美聯 | E4: 159 | F4: 725 | G4: 679 | H4: 111 | I4: 212 | J4: 29 | K4: 8 | L4: 13 | M4: 62 | N4: 34 | O4: 8 | P4: 36 | Q4: 69 | R4: 0.312 | S4: 0.352 | T4: 0.436 | U4: 0.788 | V4: 112 | W4: 296 | X4: 3 | Y4: 6 | Z4: 3 | AA4: 1 | AB4: 7
A5: 2004 | B5: 30 | C5: SEA | D5: 美聯 | E5: 161 | F5: 762 | G5: 704 | H5: 101 | I5: 262 | J5: 24 | K5: 5 | L5: 8 | M5: 60 | N5: 36 | O5: 11 | P5: 49 | Q5: 63 | R5: 0.372 | S5: 0.414 | T5: 0.455 | U5: 0.869 | V5: 130 | W5: 320 | X5: 6 | Y5: 4 | Z5: 2 | AA5: 3 | AB5: 19
A6: 2005 | B6: 31 | C6: SEA | D6: 美聯 | E6: 162 | F6: 739 | G6: 679 | H6: 111 | I6: 206 | J6: 21 | K6: 12 | L6: 15 | M6: 68 | N6: 33 | O6: 8 | P6: 48 | Q6: 66 | R6: 0.303 | S6: 0.35 | T6: 0.436 | U6: 0.786 | V6: 113 | W6: 296 | X6: 5 | Y6: 4 | Z6: 2 | AA6: 6 | AB6: 23
A7: 2006 | B7: 32 | C7: SEA | D7: 美聯 | E7: 161 | F7: 752 | G7: 695 | H7: 110 | I7: 224 | J7: 20 | K7: 9 | L7: 9 | M7: 49 | N7: 45 | O7: 2 | P7: 49 | Q7: 71 | R7: 0.322 | S7: 0.37 | T7: 0.416 | U7: 0.786 | V7: 106 | W7: 289 | X7: 2 | Y7: 5 | Z7: 1 | AA7: 2 | AB7: 16
A8: 2007 | B8: 33 | C8: SEA | D8: 美聯 | E8: 161 | F8: 736 | G8: 678 | H8: 111 | I8: 238 | J8: 22 | K8: 7 | L8: 6 | M8: 68 | N8: 37 | O8: 8 | P8: 49 | Q8: 77 | R8: 0.351 | S8: 0.396 | T8: 0.431 | U8: 0.827 | V8: 122 | W8: 292 | X8: 7 | Y8: 3 | Z8: 4 | AA8: 2 | AB8: 13
A9: 2008 | B9: 34 | C9: SEA | D9: 美聯 | E9: 162 | F9: 749 | G9: 686 | H9: 103 | I9: 213 | J9: 20 | K9: 7 | L9: 6 | M9: 42 | N9: 43 | O9: 4 | P9: 51 | Q9: 65 | R9: 0.31 | S9: 0.361 | T9: 0.386 | U9: 0.747 | V9: 102 | W9: 265 | X9: 8 | Y9: 5 | Z9: 3 | AA9: 4 | AB9: 12
A10: 2009 | B10: 35 | C10: SEA | D10: 美聯 | E10: 146 | F10: 678 | G10: 639 | H10: 88 | I10: 225 | J10: 31 | K10: 4 | L10: 11 | M10: 46 | N10: 26 | O10: 9 | P10: 32 | Q10: 71 | R10: 0.352 | S10: 0.386 | T10: 0.465 | U10: 0.851 | V10: 129 | W10: 297 | X10: 1 | Y10: 4 | Z10: 2 | AA10: 1 | AB10: 15
A11: 2010 | B11: 36 | C11: SEA | D11: 美聯 | E11: 162 | F11: 732 | G11: 680 | H11: 74 | I11: 214 | J11: 30 | K11: 3 | L11: 6 | M11: 43 | N11: 42 | O11: 9 | P11: 45 | Q11: 86 | R11: 0.315 | S11: 0.359 | T11: 0.394 | U11: 0.754 | V11: 113 | W11: 268 | X11: 3 | Y11: 3 | Z11: 3 | AA11: 1 | AB11: 13
A12: 2011 | B12: 37 | C12: SEA | D12: 美聯 | E12: 161 | F12: 721 | G12: 677 | H12: 80 | I12: 184 | J12: 22 | K12: 3 | L12: 5 | M12: 47 | N12: 40 | O12: 7 | P12: 39 | Q12: 69 | R12: 0.272 | S12: 0.31 | T12: 0.335 | U12: 0.645 | V12: 86 | W12: 227 | X12: 11 | Y12: 0 | Z12: 1 | AA12: 4 | AB12: 13
A13: 2012 | B13: 38 | C13: TOT | D13: 美聯 | E13: 162 | F13: 663 | G13: 629 | H13: 77 | I13: 178 | J13: 28 | K13: 6 | L13: 9 | M13: 55 | N13: 29 | O13: 7 | P13: 22 | Q13: 61 | R13: 0.283 | S13: 0.307 | T13: 0.39 | U13: 0.696 | V13: 93 | W13: 245 | X13: 12 | Y13: 2 | Z13: 5 | AA13: 5 | AB13: 5
... A22: 2019 | B22: 45 | C22: SEA | D22: 美聯 | E22: 2 | F22: 6 | G22: 5 | H22: 0 | I22: 0 | J22: 0 | K22: 0 | L22: 0 | M22: 0 | N22: 0 | O22: 0 | P22: 1 | Q22: 1 | R22: 0 | S22: 0.167 | T22: 0 | U22: 0.167 | V22: -47 | W22: 0 | X22: 0 | Y22: 0 | Z22: 0 | AA22: 0 | AB22: 0

Sheet 長打比較圖
A1: , | B1: 2001年 | C1: 2002年 | D1: 2003年 | E1: 2004年 | F1: 2005年 | G1: 2006年 | H1: 2007年 | I1: 2008年 | J1: 2009年 | K1: 2010年 | L1: 2011年 | M1: 2012年 | N1: 2013年 | O1: 2014年 | P1: 2015年 | Q1: 2016年 | R1: 2017年 | S1: 2018年 | T1: 2019年
A2: 二壘安打 | B2: =Ichiro!J2 -> 34 | C2: =Ichiro!J3 -> 27 | D2: =Ichiro!J4 -> 29 | E2: =Ichiro!J5 -> 24 | F2: =Ichiro!J6 -> 21 | G2: =Ichiro!J7 -> 20 | H2: =Ichiro!J8 -> 22 | I2: =Ichiro!J9 -> 20 | J2: =Ichiro!J10 -> 31 | K2: =Ichiro!J11 -> 30 | L2: =Ichiro!J12 -> 22 | M2: =Ichiro!J13 -> 28 | N2: =Ichiro!J16 -> 15 | O2: =Ichiro!J17 -> 13 | P2: =Ichiro!J18 -> 5 | Q2: =Ichiro!J19 -> 15 | R2: =Ichiro!J20 -> 6 | S2: =Ichiro!J21 -> 0 | T2: =Ichiro!J22 -> 0
A3: 三壘安打 | B3: =Ichiro!K2 -> 8 | C3: =Ichiro!K3 -> 8 | D3: =Ichiro!K4 -> 8 | E3: =Ichiro!K5 -> 5 | F3: =Ichiro!K6 -> 12 | G3: =Ichiro!K7 -> 9 | H3: =Ichiro!K8 -> 7 | I3: =Ichiro!K9 -> 7 | J3: =Ichiro!K10 -> 4 | K3: =Ichiro!K11 -> 3 | L3: =Ichiro!K12 -> 3 | M3: =Ichiro!K13 -> 6 | N3: =Ichiro!K16 -> 3 | O3: =Ichiro!K17 -> 2 | P3: =Ichiro!K18 -> 6 | Q3: =Ichiro!K19 -> 5 | R3: =Ichiro!K20 -> 0 | S3: =Ichiro!K21 -> 0 | T3: =Ichiro!K22 -> 0

Sheet 球隊打擊率趨勢
A1: Ichiro 生涯打擊率－依球隊趨勢
A2: 年份 | B2: SEA | C2: NYY | D2: MIA
A3: 2001 | B3: 0.35
A4: 2002 | B4: 0.321
A5: 2003 | B5: 0.312
A6: 2004 | B6: 0.372
A7: 2005 | B7: 0.303
A8: 2006 | B8: 0.322
A9: 2007 | B9: 0.351
A10: 2008 | B10: 0.31
A11: 2009 | B11: 0.352
A12: 2010 | B12: 0.315
A13: 2011 | B13: 0.272
A14: 2012 | B14: 0.261 | C14: 0.322
A15: 2013 | C15: 0.262
A16: 2014 | C16: 0.284
A17: 2015 | D17: 0.229
A18: 2016 | D18: 0.291
A19: 2017 | D19: 0.255
A20: 2018 | B20: 0.205
A21: 2019 | B21: 0
A23: 註：2012 年的 TOT 為跨隊合計，圖表採 SEA 與 NYY 各隊實際打擊率。
